nim,fakultas_prodi,smt,ips_smt1,ips_smt2,golongan_ukt,status_cuti,kode_wilayah,asal_daerah
1902041006,FBS/Bahasa Asing,2,2.25,2.56,6,1,2,"Kec. Gerokgak, Kab. Buleleng, Prov. Bali"
1902071006,FBS/Seni dan Desain,2,3.66,3.75,5,1,1,"Kec. Buleleng, Kab. Buleleng, Prov. Bali"
1904071015,FHIS/Sejarah Sosiologi dan Perpustakaan,2,3.65,3.44,6,0,2,"Kec. Sawan, Kab. Buleleng, Prov. Bali"
1905021013,FTK/Teknik Informatika,2,2.88,3.38,1,1,2,"Kec. Gerokgak, Kab. Buleleng, Prov. Bali"
1905021019,FTK/Teknik Informatika,2,1.83,1.19,1,0,3,"Kec. Terara, Kab. Lombok Timur, Prov. Nusa Tenggara Barat"
1907021032,FE/Ekonomi dan Akutansi,2,3.34,1.21,3,0,2,"Kec. Banjar, Kab. Buleleng, Prov. Bali"
1907031003,FE/Manajemen,2,3.34,3.68,7,0,2,"Kec. Gerokgak, Kab. Buleleng, Prov. Bali"
1907031011,FE/Manajemen,2,3.36,3.75,1,1,2,"Kec. Banjar, Kab. Buleleng, Prov. Bali"
1907031021,FE/Manajemen,2,3.89,4.0,1,1,1,"Kec. Buleleng, Kab. Buleleng, Prov. Bali"
1907031040,FE/Manajemen,2,3.23,3.8,1,0,3,"Kec. Pupuan, Kab. Tabanan, Prov. Bali"
1907031045,FE/Manajemen,2,3.09,3.8,7,0,2,"Kec. Sawan, Kab. Buleleng, Prov. Bali"
1907031047,FE/Manajemen,2,3.16,3.73,1,1,1,"Kec. Buleleng, Kab. Buleleng, Prov. Bali"
1911021028,"FIP/Ilmu Pendidikan, Psikologi dan Bimbingan",2,3.3,3.33,1,0,3,"Kec. Raya, Kab. Simalungun, Prov. Sumatera Utara"
1911031007,FIP/Pendidikan Dasar,2,3.77,3.85,6,0,2,"Kec. Sawan, Kab. Buleleng, Prov. Bali"
1911031047,FIP/Pendidikan Dasar,2,3.88,3.95,6,0,3,"Kec. Kuta Utara, Kab. Badung, Prov. Bali"
1911031061,FIP/Pendidikan Dasar,2,3.86,0.0,1,0,3,"Kec. Karangasem, Kab. Karang Asem, Prov. Bali"
1911031164,FIP/Pendidikan Dasar,2,3.18,2.27,1,1,3,"Kec. Penebel, Kab. Tabanan, Prov. Bali"
1911031197,FIP/Pendidikan Dasar,2,3.54,3.77,7,0,3,"Kec. Kediri, Kab. Tabanan, Prov. Bali"
1911031205,FIP/Pendidikan Dasar,2,3.81,3.77,7,0,3,"Kec. Karangasem, Kab. Karang Asem, Prov. Bali"
1911031240,FIP/Pendidikan Dasar,2,3.44,1.26,1,1,1,"Kec. Buleleng, Kab. Buleleng, Prov. Bali"
1911031249,FIP/Pendidikan Dasar,2,2.39,3.21,7,1,3,"Kec. Karangasem, Kab. Karang Asem, Prov. Bali"
1911031348,FIP/Pendidikan Dasar,2,3.39,3.55,7,1,3,"Kec. Petang, Kab. Badung, Prov. Bali"
1912011050,FBS/Bahasa dan Sastra Indonesia dan Daerah,2,2.77,1.18,7,0,3,"Kec. Jembrana, Kab. Jembrana, Prov. Bali"
1912021052,FBS/Bahasa Asing,2,3.43,3.51,2,1,1,"Kec. Buleleng, Kab. Buleleng, Prov. Bali"
1912021094,FBS/Bahasa Asing,2,3.43,0.29,6,1,3,"Kec. Sukawati, Kab. Gianyar, Prov. Bali"
1912021102,FBS/Bahasa Asing,2,3.3,2.86,5,1,2,"Kec. Kubutambahan, Kab. Buleleng, Prov. Bali"
1912021121,FBS/Bahasa Asing,2,3.43,3.14,4,1,3,"Kec. Melaya, Kab. Jembrana, Prov. Bali"
1912021162,FBS/Bahasa Asing,2,3.58,0.44,7,0,1,"Kec. Buleleng, Kab. Buleleng, Prov. Bali"
1912021175,FBS/Bahasa Asing,2,3.18,1.13,1,1,3,"Kec. Kediri, Kab. Tabanan, Prov. Bali"
1912021181,FBS/Bahasa Asing,2,3.18,3.4,7,1,3,"Kec. Nusapenida, Kab. Klungkung, Prov. Bali"
1912021183,FBS/Bahasa Asing,2,3.05,2.94,6,0,3,"Kec. Melaya, Kab. Jembrana, Prov. Bali"
1912021218,FBS/Bahasa Asing,2,1.1,1.14,4,1,1,"Kec. Buleleng, Kab. Buleleng, Prov. Bali"
1912031019,FBS/Seni dan Desain,2,3.43,3.23,1,0,3,"Kec. Kintamani, Kab. Bangli, Prov. Bali"
1912031024,FBS/Seni dan Desain,2,3.15,1.86,3,1,3,"Kec. Praya Tengah, Kab. Lombok Tengah, Prov. Nusa Tenggara Barat"
1912051005,FBS/Bahasa dan Sastra Indonesia dan Daerah,2,3.82,3.69,3,0,3,"Kec. Penebel, Kab. Tabanan, Prov. Bali"
1912061030,FBS/Bahasa Asing,2,3.87,3.85,5,0,3,"Kec. Cigasong, Kab. Majalengka, Prov. Jawa Barat"
1912061033,FBS/Bahasa Asing,2,0.45,0.0,6,1,3,"Kec. Selemadeg, Kab. Tabanan, Prov. Bali"
1912061041,FBS/Bahasa Asing,2,2.53,3.0,6,1,3,"Kec. Mengwi, Kab. Badung, Prov. Bali"
1912061043,FBS/Bahasa Asing,2,2.39,3.41,6,0,3,"Kec. Ciracas, Kab. Jakarta Timur, Prov. Dki Jakarta"
1913011020,FMIPA/Matematika,2,2.3,0.0,1,0,3,"Kec. Tembuku, Kab. Bangli, Prov. Bali"
1913011053,FMIPA/Matematika,2,0.0,0.0,2,0,3,"Kec. Abiansemal, Kab. Badung, Prov. Bali"
1913011054,FMIPA/Matematika,2,3.3,0.0,4,0,1,"Kec. Buleleng, Kab. Buleleng, Prov. Bali"
1913011062,FMIPA/Matematika,2,2.48,3.35,7,1,3,"Kec. Nusapenida, Kab. Klungkung, Prov. Bali"
1913011067,FMIPA/Matematika,2,2.67,3.36,6,0,3,"Kec. Jembrana, Kab. Jembrana, Prov. Bali"
1913011070,FMIPA/Matematika,2,3.05,3.7,3,1,2,"Kec. Banjar, Kab. Buleleng, Prov. Bali"
1913021011,FMIPA/Fisika dan Pengajaran IPA,2,3.2,3.44,1,1,3,"Kec. Aikmel, Kab. Lombok Timur, Prov. Nusa Tenggara Barat"
1913021025,FMIPA/Fisika dan Pengajaran IPA,2,2.94,2.04,2,0,3,"Kec. Siantar Marihat, Kab. Pematang Siantar, Prov. Sumatera Utara"
1913031013,FMIPA/Kimia,2,3.41,3.48,1,0,3,"Kec. Srono, Kab. Banyuwangi, Prov. Jawa Timur"
1913041006,FMIPA/Biologi dan Perikanan Kelautan,2,3.82,3.63,3,0,3,"Kec. Kediri, Kab. Tabanan, Prov. Bali"
1913041016,FMIPA/Biologi dan Perikanan Kelautan,2,0.0,0.0,1,0,3,"Kec. Sukawati, Kab. Gianyar, Prov. Bali"
1913041017,FMIPA/Biologi dan Perikanan Kelautan,2,0.0,3.71,2,0,1,"Kec. Buleleng, Kab. Buleleng, Prov. Bali"
1913071038,FMIPA/Fisika dan Pengajaran IPA,2,2.94,2.75,6,0,3,"Kec. Kali Deres, Kab. Jakarta Barat, Prov. Dki Jakarta"
1913071041,FMIPA/Fisika dan Pengajaran IPA,2,0.15,0.14,7,0,3,"Kec. Negara, Kab. Jembrana, Prov. Bali"
1913071045,FMIPA/Fisika dan Pengajaran IPA,2,3.43,3.28,7,0,3,"Kec. Karangasem, Kab. Karang Asem, Prov. Bali"
1913091002,FMIPA/Biologi dan Perikanan Kelautan,2,3.31,2.43,7,0,2,"Kec. Seririt, Kab. Buleleng, Prov. Bali"
1913091004,FMIPA/Biologi dan Perikanan Kelautan,2,0.0,0.0,1,0,3,"Kec. Sarirejo, Kab. Lamongan, Prov. Jawa Timur"
1913101011,FMIPA/Matematika,2,2.42,1.24,5,0,3,"Kec. Mendoyo, Kab. Jembrana, Prov. Bali"
1913101012,FMIPA/Matematika,2,3.49,3.17,7,0,1,"Kec. Buleleng, Kab. Buleleng, Prov. Bali"
1913111007,FMIPA/Biologi dan Perikanan Kelautan,2,0.0,0.0,1,0,1,"Kec. Buleleng, Kab. Buleleng, Prov. Bali"
1913111011,FMIPA/Biologi dan Perikanan Kelautan,2,2.84,2.33,7,0,3,"Kec. Karangasem, Kab. Karang Asem, Prov. Bali"
1913111016,FMIPA/Biologi dan Perikanan Kelautan,2,3.19,3.14,1,0,3,"Kec. Lembar, Kab. Lombok Barat, Prov. Nusa Tenggara Barat"
1914021014,FHIS/Sejarah Sosiologi dan Perpustakaan,2,0.0,0.0,1,1,3,"Kec. Ambulu, Kab. Jember, Prov. Jawa Timur"
1914031008,FHIS/Geografi,2,3.34,3.76,7,1,3,"Kec. Srono, Kab. Banyuwangi, Prov. Jawa Timur"
1914031013,FHIS/Geografi,2,0.09,0.0,1,1,1,"Kec. Buleleng, Kab. Buleleng, Prov. Bali"
1914031018,FHIS/Geografi,2,3.18,3.3,7,1,3,"Kec. Menganti, Kab. Gresik, Prov. Jawa Timur"
1914031024,FHIS/Geografi,2,2.91,3.08,6,1,3,"Kec. Kabola, Kab. Alor, Prov. Nusa Tenggara Timur"
1914091012,FHIS/Sejarah Sosiologi dan Perpustakaan,2,3.13,1.15,1,0,3,"Kec. Afulu, Kab. Nias Utara, Prov. Sumatera Utara"
1914091013,FHIS/Sejarah Sosiologi dan Perpustakaan,2,0.0,0.0,1,1,3,"Kec. Biboki Tanpah, Kab. Timor Tengah Utara, Prov. Nusa Tenggara Timur"
1914091021,FHIS/Sejarah Sosiologi dan Perpustakaan,2,1.22,0.0,2,1,3,"Kec. Bangsal, Kab. Mojokerto, Prov. Jawa Timur"
1914101013,FHIS/Hukum dan Kewarganegaraan,2,3.52,3.47,6,0,2,"Kec. Sawan, Kab. Buleleng, Prov. Bali"
1914101020,FHIS/Hukum dan Kewarganegaraan,2,3.55,3.52,2,1,1,"Kec. Buleleng, Kab. Buleleng, Prov. Bali"
1914101074,FHIS/Hukum dan Kewarganegaraan,2,3.5,3.1,3,1,3,"Kec. Matraman, Kab. Jakarta Timur, Prov. Dki Jakarta"
1914101082,FHIS/Hukum dan Kewarganegaraan,2,3.58,3.67,7,1,3,"Kec. Medan Johor, Kab. Medan, Prov. Sumatera Utara"
1914101084,FHIS/Hukum dan Kewarganegaraan,2,3.48,2.8,7,1,3,"Kec. Jatiasih, Kab. Bekasi, Prov. Jawa Barat"
1914101090,FHIS/Hukum dan Kewarganegaraan,2,3.58,3.58,4,1,2,"Kec. Seririt, Kab. Buleleng, Prov. Bali"
1914101099,FHIS/Hukum dan Kewarganegaraan,2,3.2,2.55,3,0,1,"Kec. Buleleng, Kab. Buleleng, Prov. Bali"
1914101103,FHIS/Hukum dan Kewarganegaraan,2,3.59,3.38,7,0,2,"Kec. Sukasada, Kab. Buleleng, Prov. Bali"
1914101120,FHIS/Hukum dan Kewarganegaraan,2,3.7,3.61,5,1,2,"Kec. Sawan, Kab. Buleleng, Prov. Bali"
1914101138,FHIS/Hukum dan Kewarganegaraan,2,3.54,3.77,2,1,1,"Kec. Buleleng, Kab. Buleleng, Prov. Bali"
1914103001,FHIS/Hukum dan Kewarganegaraan,2,0.0,0.0,7,0,3,"Kec. Berastagi, Kab. Karo, Prov. Sumatera Utara"
1915011014,FTK/Teknologi Industri,2,3.69,0.26,1,0,3,"Kec. Praya Timur, Kab. Lombok Tengah, Prov. Nusa Tenggara Barat"
1915011022,FTK/Teknologi Industri,2,3.65,3.89,3,1,3,"Kec. Woha, Kab. Bima, Prov. Nusa Tenggara Barat"
1915011023,FTK/Teknologi Industri,2,3.35,3.63,6,0,3,"Kec. Palibelo, Kab. Bima, Prov. Nusa Tenggara Barat"
1915011024,FTK/Teknologi Industri,2,3.69,2.24,1,1,3,"Kec. Gianyar, Kab. Gianyar, Prov. Bali"
1915011063,FTK/Teknologi Industri,2,3.48,2.88,7,2,3,"Kec. Sikur, Kab. Lombok Timur, Prov. Nusa Tenggara Barat"
1915051017,FTK/Teknik Informatika,2,3.91,3.85,7,1,3,"Kec. Kubu, Kab. Karang Asem, Prov. Bali"
1915051026,FTK/Teknik Informatika,2,3.34,3.69,7,1,3,"Kec. Kubu, Kab. Karang Asem, Prov. Bali"
1915051032,FTK/Teknik Informatika,2,2.53,2.53,1,1,1,"Kec. Buleleng, Kab. Buleleng, Prov. Bali"
1915051034,FTK/Teknik Informatika,2,2.07,3.31,1,1,1,"Kec. Buleleng, Kab. Buleleng, Prov. Bali"
1915051047,FTK/Teknik Informatika,2,3.8,3.77,6,1,1,"Kec. Buleleng, Kab. Buleleng, Prov. Bali"
1915051053,FTK/Teknik Informatika,2,2.9,1.45,6,1,3,"Kec. Manggis, Kab. Karang Asem, Prov. Bali"
1915051081,FTK/Teknik Informatika,2,3.27,3.59,7,0,3,"Kec. Rendang, Kab. Karang Asem, Prov. Bali"
1915051092,FTK/Teknik Informatika,2,3.03,2.3,7,1,3,"Kec. Kubu, Kab. Karang Asem, Prov. Bali"
1915051093,FTK/Teknik Informatika,2,2.74,2.1,2,1,2,"Kec. Kubutambahan, Kab. Buleleng, Prov. Bali"
1915051094,FTK/Teknik Informatika,2,3.83,3.79,7,1,2,"Kec. Banjar, Kab. Buleleng, Prov. Bali"
1915051096,FTK/Teknik Informatika,2,2.2,2.0,6,1,2,"Kec. Busungbiu, Kab. Buleleng, Prov. Bali"
1915051111,FTK/Teknik Informatika,2,3.43,3.49,3,1,3,"Kec. Jembrana, Kab. Jembrana, Prov. Bali"
1915061016,FTK/Teknologi Industri,2,3.89,3.64,1,1,1,"Kec. Buleleng, Kab. Buleleng, Prov. Bali"
1915061033,FTK/Teknologi Industri,2,3.63,3.45,1,1,1,"Kec. Buleleng, Kab. Buleleng, Prov. Bali"
1915071019,FTK/Teknologi Industri,2,2.84,2.37,1,0,3,"Kec. Merdeka, Kab. Karo, Prov. Sumatera Utara"
1915091046,FTK/Teknik Informatika,2,3.24,2.21,7,0,2,"Kec. Sukasada, Kab. Buleleng, Prov. Bali"
1915101003,FTK/Teknik Informatika,2,3.68,3.7,1,1,3,"Kec. Kemlagi, Kab. Mojokerto, Prov. Jawa Timur"
1915101006,FTK/Teknik Informatika,2,3.17,3.24,1,1,3,"Kec. Sinembah Tanjung Muda Hulu, Kab. Deli Serdang, Prov. Sumatera Utara"
1915101059,FTK/Teknik Informatika,2,3.2,2.89,7,1,2,"Kec. Seririt, Kab. Buleleng, Prov. Bali"
1915101060,FTK/Teknik Informatika,2,3.23,3.53,1,1,1,"Kec. Buleleng, Kab. Buleleng, Prov. Bali"
1916011009,FOK/Pendidikan Olahraga,2,3.37,3.07,6,1,3,"Kec. Purba, Kab. Simalungun, Prov. Sumatera Utara"
1916011010,FOK/Pendidikan Olahraga,2,3.21,3.22,6,1,3,"Kec. Jembrana, Kab. Jembrana, Prov. Bali"
1916011014,FOK/Pendidikan Olahraga,2,3.25,3.43,7,2,3,"Kec. Berastagi, Kab. Karo, Prov. Sumatera Utara"
1916011027,FOK/Pendidikan Olahraga,2,3.57,3.65,7,1,3,"Kec. Rendang, Kab. Karang Asem, Prov. Bali"
1916011046,FOK/Pendidikan Olahraga,2,2.57,1.82,1,1,1,"Kec. Buleleng, Kab. Buleleng, Prov. Bali"
1916011049,FOK/Pendidikan Olahraga,2,3.51,3.51,7,1,2,"Kec. Sukasada, Kab. Buleleng, Prov. Bali"
1916011052,FOK/Pendidikan Olahraga,2,3.51,3.75,7,1,2,"Kec. Sukasada, Kab. Buleleng, Prov. Bali"
1916011054,FOK/Pendidikan Olahraga,2,3.4,3.15,5,1,3,"Kec. Kintamani, Kab. Bangli, Prov. Bali"
1916011063,FOK/Pendidikan Olahraga,2,3.46,3.42,6,1,3,"Kec. Kuta Utara, Kab. Badung, Prov. Bali"
1916011064,FOK/Pendidikan Olahraga,2,2.96,3.28,6,1,3,"Kec. Kuta Utara, Kab. Badung, Prov. Bali"
1916011069,FOK/Pendidikan Olahraga,2,3.19,1.59,6,1,2,"Kec. Banjar, Kab. Buleleng, Prov. Bali"
1916011070,FOK/Pendidikan Olahraga,2,3.44,3.58,4,2,3,"Kec. Selemadeg Timur, Kab. Tabanan, Prov. Bali"
1916021007,FOK/Ilmu Keolahragaan dan Kesehatan,2,3.57,3.66,5,1,3,"Kec. Bekasi Utara, Kab. Bekasi, Prov. Jawa Barat"
1916041005,FOK/Ilmu Olahraga dan Kesehatan,2,2.27,1.27,1,1,3,"Kec. Sapeken, Kab. Sumenep, Prov. Jawa Timur"
1917011032,FE/Ekonomi dan Akutansi,2,3.25,3.51,6,0,3,"Kec. Medan Selayang, Kab. Medan, Prov. Sumatera Utara"
1917011080,FE/Ekonomi dan Akutansi,2,3.28,3.53,3,0,2,"Kec. Kubutambahan, Kab. Buleleng, Prov. Bali"
1917041016,FE/Manajemen,2,3.83,3.88,1,1,1,"Kec. Buleleng, Kab. Buleleng, Prov. Bali"
1917041075,FE/Manajemen,2,3.63,3.77,1,0,2,"Kec. Kubutambahan, Kab. Buleleng, Prov. Bali"
1917041086,FE/Manajemen,2,3.73,3.88,1,0,2,"Kec. Sukasada, Kab. Buleleng, Prov. Bali"
1917041203,FE/Manajemen,2,3.64,3.73,6,1,3,"Kec. Tegallalang, Kab. Gianyar, Prov. Bali"
1917051071,FE/Ekonomi dan Akutansi,2,3.74,3.85,7,0,3,"Kec. Klungkung, Kab. Klungkung, Prov. Bali"
1917051132,FE/Ekonomi dan Akutansi,2,3.24,0.4,1,0,3,"Kec. Gambiran, Kab. Banyuwangi, Prov. Jawa Timur"
1917051135,FE/Ekonomi dan Akutansi,2,3.54,3.71,6,1,2,"Kec. Seririt, Kab. Buleleng, Prov. Bali"
1917051187,FE/Ekonomi dan Akutansi,2,3.6,3.7,7,0,1,"Kec. Buleleng, Kab. Buleleng, Prov. Bali"
1917051229,FE/Ekonomi dan Akutansi,2,3.18,3.38,6,1,2,"Kec. Banjar, Kab. Buleleng, Prov. Bali"
1929011003,Pascasarjana/Pendidikan Bahasa (S2),2,3.56,3.58,7,1,2,"Kec. Gerokgak, Kab. Buleleng, Prov. Bali"
1929041037,Pascasarjana/Pendidikan Dasar (S2),2,3.68,3.47,7,0,3,"Kec. Mengwi, Kab. Badung, Prov. Bali"
1929071006,Pascasarjana/Teknologi Pendidikan (S2),2,3.88,3.87,7,2,3,"Kec. Denpasar Timur, Kab. Denpasar, Prov. Bali"
1929081026,Pascasarjana/Pendidikan Bahasa Inggris (S2),2,3.63,3.68,7,1,3,"Kec. Denpasar Utara, Kab. Denpasar, Prov. Bali"
1929081033,Pascasarjana/Pendidikan Bahasa Inggris (S2),2,3.5,3.25,7,1,3,"Kec. Denpasar Timur, Kab. Denpasar, Prov. Bali"
1929081039,Pascasarjana/Pendidikan Bahasa Inggris (S2),2,3.75,3.67,7,1,3,"Kec. Tembuku, Kab. Bangli, Prov. Bali"
1929101003,Pascasarjana/Ilmu Komputer (S2),2,3.3,3.8,7,1,1,"Kec. Buleleng, Kab. Buleleng, Prov. Bali"
1929101012,Pascasarjana/Ilmu Komputer (S2),2,3.08,3.55,7,2,3,"Kec. Kediri, Kab. Tabanan, Prov. Bali"
1929101015,Pascasarjana/Ilmu Komputer (S2),2,2.78,2.4,7,2,3,"Kec. Mengwi, Kab. Badung, Prov. Bali"
1929101016,Pascasarjana/Ilmu Komputer (S2),2,3.43,3.55,7,2,3,"Kec. Denpasar Selatan, Kab. Denpasar, Prov. Bali"
1929101033,Pascasarjana/Ilmu Komputer (S2),2,3.18,3.55,7,1,3,"Kec. Denpasar Barat, Kab. Denpasar, Prov. Bali"
1929101043,Pascasarjana/Ilmu Komputer (S2),2,3.38,2.5,7,2,3,"Kec. Gerung, Kab. Lombok Barat, Prov. Nusa Tenggara Barat"
1929101068,Pascasarjana/Ilmu Komputer (S2),2,3.35,3.65,7,1,3,"Kec. Tembuku, Kab. Bangli, Prov. Bali"
1929101077,Pascasarjana/Ilmu Komputer (S2),2,2.44,3.6,7,1,3,"Kec. Kuta Utara, Kab. Badung, Prov. Bali"
1939011009,Pascasarjana/Ilmu Pendidikan (S3),2,3.61,3.54,7,2,3,"Kec. Kuta Utara, Kab. Badung, Prov. Bali"
1939011013,Pascasarjana/Ilmu Pendidikan (S3),2,3.79,3.79,7,1,3,"Kec. Blahbatuh, Kab. Gianyar, Prov. Bali"
1939011014,Pascasarjana/Ilmu Pendidikan (S3),2,3.85,2.96,7,0,3,"Kec. Kuta Selatan, Kab. Badung, Prov. Bali"
1939011015,Pascasarjana/Ilmu Pendidikan (S3),2,3.64,3.71,7,2,3,"Kec. Denpasar Timur, Kab. Denpasar, Prov. Bali"
1939011017,Pascasarjana/Ilmu Pendidikan (S3),2,2.61,0.0,7,1,3,"Kec. Denpasar Utara, Kab. Denpasar, Prov. Bali"
1939021008,Pascasarjana/Pendidikan Bahasa (S3),2,1.74,3.75,7,1,3,"Kec. Kuta Selatan, Kab. Badung, Prov. Bali"
2011011010,"FIP/Ilmu Pendidikan, Psikologi dan Bimbingan",2,3.69,3.63,2,0,3,"Kec. Berastagi, Kab. Karo, Prov. Sumatera Utara"
2011011042,"FIP/Ilmu Pendidikan, Psikologi dan Bimbingan",2,3.55,2.54,6,0,1,"Kec. Buleleng, Kab. Buleleng, Prov. Bali"
2011021028,"FIP/Ilmu Pendidikan, Psikologi dan Bimbingan",2,3.82,3.46,4,0,1,"Kec. Buleleng, Kab. Buleleng, Prov. Bali"
2011031156,FIP/Pendidikan Dasar,2,3.83,3.41,7,0,3,"Kec. Gianyar, Kab. Gianyar, Prov. Bali"
2011031189,FIP/Pendidikan Dasar,2,3.8,3.81,6,0,3,"Kec. Nusapenida, Kab. Klungkung, Prov. Bali"
2011031193,FIP/Pendidikan Dasar,2,3.55,3.73,6,0,3,"Kec. Kintamani, Kab. Bangli, Prov. Bali"
2011031217,FIP/Pendidikan Dasar,2,0.0,0.0,1,0,3,"Kec. Denpasar Selatan, Kab. Denpasar, Prov. Bali"
2011031238,FIP/Pendidikan Dasar,2,3.88,3.81,6,1,3,"Kec. Abang, Kab. Karang Asem, Prov. Bali"
2011031242,FIP/Pendidikan Dasar,2,3.73,0.63,5,0,2,"Kec. Sukasada, Kab. Buleleng, Prov. Bali"
2011031260,FIP/Pendidikan Dasar,2,3.61,2.59,7,0,3,"Kec. Andoolo, Kab. Konawe Selatan, Prov. Sulawesi Tenggara"
2011031301,FIP/Pendidikan Dasar,2,3.95,3.8,7,0,3,"Kec. Negara, Kab. Jembrana, Prov. Bali"
2011031307,FIP/Pendidikan Dasar,2,3.74,3.3,6,0,3,"Kec. Sidemen, Kab. Karang Asem, Prov. Bali"
2011061005,FIP/Pendidikan Dasar,2,0.55,0.0,1,0,3,"Kec. Afulu, Kab. Nias Utara, Prov. Sumatera Utara"
2011061012,FIP/Pendidikan Dasar,2,0.0,0.0,1,0,3,"Kec. Pucuk, Kab. Lamongan, Prov. Jawa Timur"
2011061041,FIP/Pendidikan Dasar,2,3.64,3.55,7,0,3,"Kec. Kediri, Kab. Tabanan, Prov. Bali"
2012011043,FBS/Bahasa dan Sastra Indonesia dan Daerah,2,3.4,3.6,5,0,2,"Kec. Sawan, Kab. Buleleng, Prov. Bali"
2012011046,FBS/Bahasa dan Sastra Indonesia dan Daerah,2,3.48,0.83,3,1,1,"Kec. Buleleng, Kab. Buleleng, Prov. Bali"
2012011048,FBS/Bahasa dan Sastra Indonesia dan Daerah,2,3.5,0.75,7,1,3,"Kec. Jembrana, Kab. Jembrana, Prov. Bali"
2012011056,FBS/Bahasa dan Sastra Indonesia dan Daerah,2,3.28,3.08,7,1,3,"Kec. Jagakarsa, Kab. Jakarta Selatan, Prov. Dki Jakarta"
2012021008,FBS/Bahasa Asing,2,3.66,1.67,6,1,3,"Kec. Ubud, Kab. Gianyar, Prov. Bali"
2012021024,FBS/Bahasa Asing,2,3.79,3.92,6,0,1,"Kec. Buleleng, Kab. Buleleng, Prov. Bali"
2012021049,FBS/Bahasa Asing,2,3.59,0.88,7,1,1,"Kec. Buleleng, Kab. Buleleng, Prov. Bali"
2012021070,FBS/Bahasa Asing,2,3.84,3.76,1,1,2,"Kec. Seririt, Kab. Buleleng, Prov. Bali"
2012021094,FBS/Bahasa Asing,2,3.64,3.52,7,1,3,"Kec. Nusapenida, Kab. Klungkung, Prov. Bali"
2012021099,FBS/Bahasa Asing,2,3.43,3.11,7,0,3,"Kec. Ciputat, Kab. Tangerang Selatan, Prov. Banten"
2012021112,FBS/Bahasa Asing,2,3.53,0.31,1,0,3,"Kec. Sei Beduk, Kab. B A T A M, Prov. Kepulauan Riau"
2012021207,FBS/Bahasa Asing,2,3.85,3.83,7,0,2,"Kec. Busungbiu, Kab. Buleleng, Prov. Bali"
2012021209,FBS/Bahasa Asing,2,3.31,3.07,7,0,1,"Kec. Buleleng, Kab. Buleleng, Prov. Bali"
2012021227,FBS/Bahasa Asing,2,3.54,2.5,7,1,3,"Kec. Buayan, Kab. Kebumen, Prov. Jawa Tengah"
2012031007,FBS/Seni dan Desain,2,3.69,2.3,3,1,3,"Kec. Narmada, Kab. Lombok Barat, Prov. Nusa Tenggara Barat"
2012031009,FBS/Seni dan Desain,2,3.09,1.5,3,1,3,"Kec. Praya, Kab. Lombok Tengah, Prov. Nusa Tenggara Barat"
2012031022,FBS/Seni dan Desain,2,2.82,1.95,7,0,3,"Kec. Citamiang, Kab. Sukabumi, Prov. Jawa Barat"
2012051023,FBS/Bahasa dan Sastra Indonesia dan Daerah,2,3.7,3.79,7,0,3,"Kec. Sukawati, Kab. Gianyar, Prov. Bali"
2013011021,FMIPA/Matematika,2,3.31,3.46,3,1,3,"Kec. Selemadeg, Kab. Tabanan, Prov. Bali"
2013011024,FMIPA/Matematika,2,3.57,3.63,7,1,3,"Kec. Denpasar Selatan, Kab. Denpasar, Prov. Bali"
2013011047,FMIPA/Matematika,2,3.55,3.18,1,0,3,"Kec. Pontianak Kota, Kab. Pontianak, Prov. Kalimantan Barat"
2013031007,FMIPA/Kimia,2,3.58,2.68,7,0,3,"Kec. Kabanjahe, Kab. Karo, Prov. Sumatera Utara"
2013031009,FMIPA/Kimia,2,0.38,0.0,1,0,2,"Kec. Kubutambahan, Kab. Buleleng, Prov. Bali"
2013031015,FMIPA/Kimia,2,1.02,0.0,1,0,3,"Kec. Genteng, Kab. Banyuwangi, Prov. Jawa Timur"
2013031017,FMIPA/Kimia,2,0.71,0.0,1,0,3,"Kec. Denpasar Timur, Kab. Denpasar, Prov. Bali"
2013041037,FMIPA/Biologi dan Perikanan Kelautan,2,3.81,3.72,4,1,3,"Kec. Wonokromo, Kab. Surabaya, Prov. Jawa Timur"
2013041038,FMIPA/Biologi dan Perikanan Kelautan,2,3.52,1.5,1,0,3,"Kec. Biak Kota, Kab. Biak Numfor, Prov. Papua"
2013041039,FMIPA/Biologi dan Perikanan Kelautan,2,3.54,1.78,1,0,3,"Kec. Biak Kota, Kab. Biak Numfor, Prov. Papua"
2013071024,FMIPA/Fisika dan Pengajaran IPA,2,0.21,0.0,1,0,3,"Kec. Bebandem, Kab. Karang Asem, Prov. Bali"
2013071031,FMIPA/Fisika dan Pengajaran IPA,2,3.49,0.82,7,0,3,"Kec. Pematang Silimahuta, Kab. Simalungun, Prov. Sumatera Utara"
2013071033,FMIPA/Fisika dan Pengajaran IPA,2,3.71,3.71,7,0,3,"Kec. Taman, Kab. Sidoarjo, Prov. Jawa Timur"
2013071035,FMIPA/Fisika dan Pengajaran IPA,2,3.72,3.72,7,0,2,"Kec. Gerokgak, Kab. Buleleng, Prov. Bali"
2013081003,FMIPA/Kimia,2,0.76,0.0,1,0,3,"Kec. Paciran, Kab. Lamongan, Prov. Jawa Timur"
2013091003,FMIPA/Biologi dan Perikanan Kelautan,2,2.43,0.68,3,0,3,"Kec. Krejengan, Kab. Probolinggo, Prov. Jawa Timur"
2013091004,FMIPA/Biologi dan Perikanan Kelautan,2,1.24,0.0,1,0,3,"Kec. Jombang, Kab. Jombang, Prov. Jawa Timur"
2013091009,FMIPA/Biologi dan Perikanan Kelautan,2,3.59,3.48,6,1,3,"Kec. Laubaleng, Kab. Karo, Prov. Sumatera Utara"
2013091018,FMIPA/Biologi dan Perikanan Kelautan,2,3.67,0.13,7,0,1,"Kec. Buleleng, Kab. Buleleng, Prov. Bali"
2013101003,FMIPA/Matematika,2,3.3,3.24,1,1,1,"Kec. Buleleng, Kab. Buleleng, Prov. Bali"
2013101011,FMIPA/Matematika,2,3.33,2.98,1,0,2,"Kec. Sawan, Kab. Buleleng, Prov. Bali"
2013111009,FMIPA/Biologi dan Perikanan Kelautan,2,3.36,3.33,7,0,1,"Kec. Buleleng, Kab. Buleleng, Prov. Bali"
2014021006,FHIS/Sejarah Sosiologi dan Perpustakaan,2,3.76,0.69,3,1,3,"Kec. Balung, Kab. Jember, Prov. Jawa Timur"
2014021009,FHIS/Sejarah Sosiologi dan Perpustakaan,2,3.63,1.06,7,1,3,"Kec. Raba, Kab. Bima, Prov. Nusa Tenggara Barat"
2014031026,FHIS/Geografi,2,3.63,3.52,7,1,2,"Kec. Gerokgak, Kab. Buleleng, Prov. Bali"
2014041024,FHIS/Hukum dan Kewarganegaraan,2,3.88,2.23,7,1,2,"Kec. Seririt, Kab. Buleleng, Prov. Bali"
2014101036,FHIS/Hukum dan Kewarganegaraan,2,3.71,3.82,1,0,2,"Kec. Sawan, Kab. Buleleng, Prov. Bali"
2014101040,FHIS/Hukum dan Kewarganegaraan,2,3.43,3.29,1,0,3,"Kec. Jembrana, Kab. Jembrana, Prov. Bali"
2014101066,FHIS/Hukum dan Kewarganegaraan,2,3.83,3.8,7,1,3,"Kec. Panarukan, Kab. Situbondo, Prov. Jawa Timur"
2014101078,FHIS/Hukum dan Kewarganegaraan,2,3.82,3.81,7,1,3,"Kec. Gedek, Kab. Mojokerto, Prov. Jawa Timur"
2014101129,FHIS/Hukum dan Kewarganegaraan,2,3.58,3.52,6,2,3,"Kec. Tegallalang, Kab. Gianyar, Prov. Bali"
2014101141,FHIS/Hukum dan Kewarganegaraan,2,3.46,3.29,7,1,1,"Kec. Buleleng, Kab. Buleleng, Prov. Bali"
2014101153,FHIS/Hukum dan Kewarganegaraan,2,3.61,3.71,7,1,1,"Kec. Buleleng, Kab. Buleleng, Prov. Bali"
2014101178,FHIS/Hukum dan Kewarganegaraan,2,3.56,2.74,7,0,1,"Kec. Buleleng, Kab. Buleleng, Prov. Bali"
2014101195,FHIS/Hukum dan Kewarganegaraan,2,3.39,3.32,7,1,3,"Kec. Kabanjahe, Kab. Karo, Prov. Sumatera Utara"
2014101199,FHIS/Hukum dan Kewarganegaraan,2,1.1,0.0,1,0,3,"Kec. Nabire, Kab. Nabire, Prov. Papua"
2014101200,FHIS/Hukum dan Kewarganegaraan,2,0.0,3.59,6,0,2,"Kec. Gerokgak, Kab. Buleleng, Prov. Bali"
2014105001,FHIS/Hukum dan Kewarganegaraan,2,3.75,0.0,7,2,3,"Kec. Sorong Kepulauan, Kab. Sorong, Prov. Papua Barat"
2015011012,FTK/Teknologi Industri,2,3.68,3.77,7,1,2,"Kec. Gerokgak, Kab. Buleleng, Prov. Bali"
2015011032,FTK/Teknologi Industri,2,3.61,3.74,6,1,3,"Kec. Tegalsari, Kab. Banyuwangi, Prov. Jawa Timur"
2015051001,FTK/Teknik Informatika,2,3.8,3.59,1,1,3,"Kec. Kemlagi, Kab. Mojokerto, Prov. Jawa Timur"
2015051009,FTK/Teknik Informatika,2,3.78,3.81,3,0,3,"Kec. Manggis, Kab. Karang Asem, Prov. Bali"
2015051039,FTK/Teknik Informatika,2,3.79,3.6,7,0,3,"Kec. Bebandem, Kab. Karang Asem, Prov. Bali"
2015051040,FTK/Teknik Informatika,2,0.65,0.0,1,1,2,"Kec. Gerokgak, Kab. Buleleng, Prov. Bali"
2015051041,FTK/Teknik Informatika,2,3.83,3.58,1,2,3,"Kec. Jembrana, Kab. Jembrana, Prov. Bali"
2015051047,FTK/Teknik Informatika,2,3.58,2.13,6,1,3,"Kec. Tabanan, Kab. Tabanan, Prov. Bali"
2015051052,FTK/Teknik Informatika,2,3.69,3.75,6,1,3,"Kec. Muncar, Kab. Banyuwangi, Prov. Jawa Timur"
2015051080,FTK/Teknik Informatika,2,3.79,3.54,6,1,3,"Kec. Banjarangkan, Kab. Klungkung, Prov. Bali"
2015051084,FTK/Teknik Informatika,2,3.74,3.04,5,1,2,"Kec. Busungbiu, Kab. Buleleng, Prov. Bali"
2015051086,FTK/Teknik Informatika,2,3.65,1.21,7,1,3,"Kec. Negara, Kab. Jembrana, Prov. Bali"
2015051109,FTK/Teknik Informatika,2,1.25,0.21,1,1,3,"Kec. Kuala Kencana, Kab. Mimika, Prov. Papua"
2015061014,FTK/Teknologi Industri,2,3.74,3.47,6,1,3,"Kec. Tegallalang, Kab. Gianyar, Prov. Bali"
2015061027,FTK/Teknologi Industri,2,3.79,3.61,7,2,2,"Kec. Gerokgak, Kab. Buleleng, Prov. Bali"
2015071004,FTK/Teknologi Industri,2,3.65,3.64,2,1,3,"Kec. Negara, Kab. Jembrana, Prov. Bali"
2015071006,FTK/Teknologi Industri,2,1.2,0.0,1,1,1,"Kec. Buleleng, Kab. Buleleng, Prov. Bali"
2015071014,FTK/Teknologi Industri,2,3.28,2.28,3,1,3,"Kec. Kintamani, Kab. Bangli, Prov. Bali"
2015071018,FTK/Teknologi Industri,2,2.95,1.14,7,1,3,"Kec. Kintamani, Kab. Bangli, Prov. Bali"
2015071023,FTK/Teknologi Industri,2,2.97,2.31,1,0,3,"Kec. Biak Kota, Kab. Biak Numfor, Prov. Papua"
2015081005,FTK/Teknologi Industri,2,3.88,3.96,1,0,2,"Kec. Banjar, Kab. Buleleng, Prov. Bali"
2015081010,FTK/Teknologi Industri,2,3.53,3.79,7,2,3,"Kec. Pujut, Kab. Lombok Tengah, Prov. Nusa Tenggara Barat"
2015081022,FTK/Teknologi Industri,2,1.3,1.29,7,1,3,"Kec. Sikur, Kab. Lombok Timur, Prov. Nusa Tenggara Barat"
2015081025,FTK/Teknologi Industri,2,3.8,3.77,3,1,3,"Kec. Kubu, Kab. Karang Asem, Prov. Bali"
2015081032,FTK/Teknologi Industri,2,3.71,3.73,7,0,3,"Kec. Kuta Utara, Kab. Badung, Prov. Bali"
2015091048,FTK/Teknik Informatika,2,3.16,3.1,7,1,1,"Kec. Buleleng, Kab. Buleleng, Prov. Bali"
2015091053,FTK/Teknik Informatika,2,3.65,3.1,7,1,3,"Kec. Atambua Selatan, Kab. Belu, Prov. Nusa Tenggara Timur"
2015091055,FTK/Teknik Informatika,2,3.84,3.58,7,1,1,"Kec. Buleleng, Kab. Buleleng, Prov. Bali"
2015091056,FTK/Teknik Informatika,2,3.73,3.53,7,1,2,"Kec. Seririt, Kab. Buleleng, Prov. Bali"
2015091063,FTK/Teknik Informatika,2,3.6,3.39,7,1,3,"Kec. Parbuluan, Kab. Dairi, Prov. Sumatera Utara"
2015091070,FTK/Teknik Informatika,2,3.34,2.75,7,1,3,"Kec. Kuta, Kab. Badung, Prov. Bali"
2015101024,FTK/Teknik Informatika,2,2.73,0.0,1,1,3,"Kec. Munte, Kab. Karo, Prov. Sumatera Utara"
2015101025,FTK/Teknik Informatika,2,3.8,2.21,1,1,1,"Kec. Buleleng, Kab. Buleleng, Prov. Bali"
2015101032,FTK/Teknik Informatika,2,3.46,2.96,3,1,3,"Kec. Kintamani, Kab. Bangli, Prov. Bali"
2016011010,FOK/Pendidikan Olahraga,2,3.55,3.6,3,0,3,"Kec. Munte, Kab. Karo, Prov. Sumatera Utara"
2016011016,FOK/Pendidikan Olahraga,2,1.49,0.0,1,2,3,"Kec. Tiworo Tengah, Kab. Muna, Prov. Sulawesi Tenggara"
2016011052,FOK/Pendidikan Olahraga,2,3.13,0.75,7,1,3,"Kec. Sumbersari, Kab. Jember, Prov. Jawa Timur"
2016011055,FOK/Pendidikan Olahraga,2,3.45,3.67,1,2,3,"Kec. Jembrana, Kab. Jembrana, Prov. Bali"
2016011059,FOK/Pendidikan Olahraga,2,3.08,2.4,5,1,3,"Kec. Bangli, Kab. Bangli, Prov. Bali"
2016011070,FOK/Pendidikan Olahraga,2,3.51,0.81,4,1,3,"Kec. Raya, Kab. Simalungun, Prov. Sumatera Utara"
2016011072,FOK/Pendidikan Olahraga,2,1.99,1.04,5,2,3,"Kec. Penebel, Kab. Tabanan, Prov. Bali"
2016011083,FOK/Pendidikan Olahraga,2,3.11,1.91,6,1,1,"Kec. Buleleng, Kab. Buleleng, Prov. Bali"
2016011084,FOK/Pendidikan Olahraga,2,3.33,2.13,5,1,3,"Kec. Mendoyo, Kab. Jembrana, Prov. Bali"
2016041008,FOK/Ilmu Olahraga dan Kesehatan,2,3.62,2.16,1,1,3,"Kec. Denpasar Selatan, Kab. Denpasar, Prov. Bali"
2016041016,FOK/Ilmu Olahraga dan Kesehatan,2,3.78,3.77,7,1,3,"Kec. Denpasar Selatan, Kab. Denpasar, Prov. Bali"
2016041017,FOK/Ilmu Olahraga dan Kesehatan,2,3.75,3.28,3,2,2,"Kec. Sawan, Kab. Buleleng, Prov. Bali"
2017011077,FE/Ekonomi dan Akutansi,2,3.56,3.58,5,0,3,"Kec. Blahbatuh, Kab. Gianyar, Prov. Bali"
2017011082,FE/Ekonomi dan Akutansi,2,3.76,3.68,7,0,1,"Kec. Buleleng, Kab. Buleleng, Prov. Bali"
2017011091,FE/Ekonomi dan Akutansi,2,3.33,2.91,7,0,3,"Kec. Jembrana, Kab. Jembrana, Prov. Bali"
2017041017,FE/Manajemen,2,3.96,3.71,7,0,3,"Kec. Tabanan, Kab. Tabanan, Prov. Bali"
2017041057,FE/Manajemen,2,3.25,3.36,5,2,1,"Kec. Buleleng, Kab. Buleleng, Prov. Bali"
2017041179,FE/Manajemen,2,2.1,0.54,6,0,2,"Kec. Banjar, Kab. Buleleng, Prov. Bali"
2017041206,FE/Manajemen,2,3.7,3.42,6,0,2,"Kec. Banjar, Kab. Buleleng, Prov. Bali"
2017041224,FE/Manajemen,2,3.76,3.36,7,1,1,"Kec. Buleleng, Kab. Buleleng, Prov. Bali"
2017051010,FE/Ekonomi dan Akutansi,2,3.98,3.84,6,0,2,"Kec. Sawan, Kab. Buleleng, Prov. Bali"
2017051023,FE/Ekonomi dan Akutansi,2,3.89,3.81,2,0,3,"Kec. Mepanga, Kab. Parigi Moutong, Prov. Sulawesi Tengah"
2017051034,FE/Ekonomi dan Akutansi,2,3.85,3.91,1,0,1,"Kec. Buleleng, Kab. Buleleng, Prov. Bali"
2017051037,FE/Ekonomi dan Akutansi,2,3.79,0.84,1,0,2,"Kec. Sawan, Kab. Buleleng, Prov. Bali"
2017051074,FE/Ekonomi dan Akutansi,2,3.69,3.7,7,1,2,"Kec. Sukasada, Kab. Buleleng, Prov. Bali"
2017051145,FE/Ekonomi dan Akutansi,2,3.78,3.89,7,0,3,"Kec. Kutawaluya, Kab. Karawang, Prov. Jawa Barat"
2017051167,FE/Ekonomi dan Akutansi,2,3.65,3.94,7,0,3,"Kec. Susut, Kab. Bangli, Prov. Bali"
2017051199,FE/Ekonomi dan Akutansi,2,3.9,3.5,4,0,3,"Kec. Kubu, Kab. Karang Asem, Prov. Bali"
2017051201,FE/Ekonomi dan Akutansi,2,3.65,3.78,7,0,1,"Kec. Buleleng, Kab. Buleleng, Prov. Bali"
2017051243,FE/Ekonomi dan Akutansi,2,3.88,3.65,7,0,2,"Kec. Seririt, Kab. Buleleng, Prov. Bali"
2029101030,Pascasarjana/Ilmu Komputer (S2),2,3.39,3.57,7,2,3,"Kec. Denpasar Utara, Kab. Denpasar, Prov. Bali"
2029121015,Pascasarjana/Pendidikan Olahraga (S2),2,3.65,3.6,7,1,3,"Kec. Gianyar, Kab. Gianyar, Prov. Bali"
2029141034,Pascasarjana/Akuntansi (S2),2,3.75,3.62,7,0,3,"Kec. Cakung, Kab. Jakarta Timur, Prov. Dki Jakarta"
2039011034,Pascasarjana/Ilmu Pendidikan (S3),2,3.41,3.55,7,2,3,"Kec. Denpasar Utara, Kab. Denpasar, Prov. Bali"
2111011001,"FIP/Ilmu Pendidikan, Psikologi dan Bimbingan",2,0.0,1.88,7,1,3,"Kec. Barusjahe, Kab. Karo, Prov. Sumatera Utara"
2111011009,"FIP/Ilmu Pendidikan, Psikologi dan Bimbingan",2,0.0,0.0,1,1,2,"Kec. Kubutambahan, Kab. Buleleng, Prov. Bali"
2111021009,"FIP/Ilmu Pendidikan, Psikologi dan Bimbingan",2,1.67,0.0,1,1,3,"Kec. Berastagi, Kab. Karo, Prov. Sumatera Utara"
2111031029,FIP/Pendidikan Dasar,2,3.83,3.96,7,0,3,"Kec. Negara, Kab. Jembrana, Prov. Bali"
2111031072,FIP/Pendidikan Dasar,2,0.8,0.0,4,1,3,"Kec. Sukawati, Kab. Gianyar, Prov. Bali"
2111031343,FIP/Pendidikan Dasar,2,3.21,3.81,4,0,3,"Kec. Denpasar Utara, Kab. Denpasar, Prov. Bali"
2111031430,FIP/Pendidikan Dasar,2,3.66,1.79,4,1,3,"Kec. Mengwi, Kab. Badung, Prov. Bali"
2111031434,FIP/Pendidikan Dasar,2,2.7,0.0,6,0,3,"Kec. Mengwi, Kab. Badung, Prov. Bali"
2111031491,FIP/Pendidikan Dasar,2,2.84,3.46,6,0,3,"Kec. Kintamani, Kab. Bangli, Prov. Bali"
2111031500,FIP/Pendidikan Dasar,2,3.65,0.96,4,1,3,"Kec. Kintamani, Kab. Bangli, Prov. Bali"
2112011005,FBS/Bahasa dan Sastra Indonesia dan Daerah,2,3.63,3.46,5,1,3,"Kec. Balikpapan Selatan, Kab. Balikpapan, Prov. Kalimantan Timur"
2113011077,FMIPA/Matematika,2,3.48,3.11,7,0,3,"Kec. Gianyar, Kab. Gianyar, Prov. Bali"
2113011098,FMIPA/Matematika,2,3.79,3.78,7,0,3,"Kec. Sukawati, Kab. Gianyar, Prov. Bali"
2113013001,FMIPA/Matematika,2,0.0,0.0,7,0,1,"Kec. Buleleng, Kab. Buleleng, Prov. Bali"
2113021017,FMIPA/Fisika dan Pengajaran IPA,2,1.22,2.0,6,0,3,"Kec. Laubaleng, Kab. Karo, Prov. Sumatera Utara"
2113021019,FMIPA/Fisika dan Pengajaran IPA,2,0.96,0.0,1,0,3,"Kec. Tambak, Kab. Gresik, Prov. Jawa Timur"
2113031016,FMIPA/Kimia,2,1.5,0.0,1,0,3,"Kec. Tambak, Kab. Gresik, Prov. Jawa Timur"
2113031021,FMIPA/Kimia,2,0.42,0.0,5,0,3,"Kec. Kuta Utara, Kab. Badung, Prov. Bali"
2113071017,FMIPA/Fisika dan Pengajaran IPA,2,3.63,3.84,7,0,3,"Kec. Selemadeg, Kab. Tabanan, Prov. Bali"
2113071023,FMIPA/Fisika dan Pengajaran IPA,2,3.36,1.97,7,0,3,"Kec. Sigumpar, Kab. Toba Samosir, Prov. Sumatera Utara"
2113071035,FMIPA/Fisika dan Pengajaran IPA,2,3.3,3.22,7,0,3,"Kec. Bangli, Kab. Bangli, Prov. Bali"
2113081017,FMIPA/Kimia,2,3.74,3.41,7,0,3,"Kec. Kuta Selatan, Kab. Badung, Prov. Bali"
2113091017,FMIPA/Biologi dan Perikanan Kelautan,2,3.72,2.16,1,0,3,"Kec. Kuta Utara, Kab. Badung, Prov. Bali"
2113091029,FMIPA/Biologi dan Perikanan Kelautan,2,3.8,2.48,7,0,1,"Kec. Buleleng, Kab. Buleleng, Prov. Bali"
2113101007,FMIPA/Matematika,2,1.13,0.0,7,0,3,"Kec. Tobelo, Kab. Halmahera Utara, Prov. Maluku Utara"
2113111017,FMIPA/Biologi dan Perikanan Kelautan,2,3.72,0.44,7,0,3,"Kec. Pasarkemis, Kab. Tangerang, Prov. Banten"
2113111032,FMIPA/Biologi dan Perikanan Kelautan,2,3.0,3.0,7,0,3,"Kec. Medan Tuntungan, Kab. Medan, Prov. Sumatera Utara"
2114021003,FHIS/Sejarah Sosiologi dan Perpustakaan,2,3.58,0.0,1,1,3,"Kec. Woha, Kab. Bima, Prov. Nusa Tenggara Barat"
2114021020,FHIS/Sejarah Sosiologi dan Perpustakaan,2,0.0,0.94,1,1,2,"Kec. Banjar, Kab. Buleleng, Prov. Bali"
2114031024,FHIS/Geografi,2,3.8,3.58,6,1,3,"Kec. Songgon, Kab. Banyuwangi, Prov. Jawa Timur"
2114041024,FHIS/Hukum dan Kewarganegaraan,2,0.0,0.0,1,0,3,"Kec. Fafurwar, Kab. Teluk Bintuni, Prov. Papua Barat"
2114041029,FHIS/Hukum dan Kewarganegaraan,2,3.8,3.81,6,0,2,"Kec. Busungbiu, Kab. Buleleng, Prov. Bali"
2114091029,FHIS/Sejarah Sosiologi dan Perpustakaan,2,3.44,3.2,4,1,1,"Kec. Buleleng, Kab. Buleleng, Prov. Bali"
2114101005,FHIS/Hukum dan Kewarganegaraan,2,3.93,0.98,1,0,3,"Kec. Susut, Kab. Bangli, Prov. Bali"
2114101031,FHIS/Hukum dan Kewarganegaraan,2,3.73,3.38,7,1,3,"Kec. Samarinda Utara, Kab. Samarinda, Prov. Kalimantan Timur"
2114101032,FHIS/Hukum dan Kewarganegaraan,2,3.77,3.58,7,1,2,"Kec. Gerokgak, Kab. Buleleng, Prov. Bali"
2114101065,FHIS/Hukum dan Kewarganegaraan,2,3.62,3.63,6,1,3,"Kec. Percut Sei Tuan, Kab. Deli Serdang, Prov. Sumatera Utara"
2114101086,FHIS/Hukum dan Kewarganegaraan,2,3.58,3.16,3,1,1,"Kec. Buleleng, Kab. Buleleng, Prov. Bali"
2114101102,FHIS/Hukum dan Kewarganegaraan,2,3.71,3.77,7,1,3,"Kec. Kuta Utara, Kab. Badung, Prov. Bali"
2114101126,FHIS/Hukum dan Kewarganegaraan,2,3.85,3.82,7,1,1,"Kec. Buleleng, Kab. Buleleng, Prov. Bali"
2114101167,FHIS/Hukum dan Kewarganegaraan,2,3.42,2.15,6,1,2,"Kec. Sukasada, Kab. Buleleng, Prov. Bali"
2114101215,FHIS/Hukum dan Kewarganegaraan,2,3.04,2.46,3,1,1,"Kec. Buleleng, Kab. Buleleng, Prov. Bali"
2115011002,FTK/Teknologi Industri,2,3.58,0.6,7,2,3,"Kec. Mendoyo, Kab. Jembrana, Prov. Bali"
2115011052,FTK/Teknologi Industri,2,3.69,1.33,7,2,3,"Kec. Denpasar Selatan, Kab. Denpasar, Prov. Bali"
2115011055,FTK/Teknologi Industri,2,3.37,1.44,7,2,3,"Kec. Kuta Selatan, Kab. Badung, Prov. Bali"
2115051024,FTK/Teknik Informatika,2,3.7,2.6,4,2,2,"Kec. Banjar, Kab. Buleleng, Prov. Bali"
2115051059,FTK/Teknik Informatika,2,1.93,0.0,7,2,2,"Kec. Sukasada, Kab. Buleleng, Prov. Bali"
2115051065,FTK/Teknik Informatika,2,3.31,3.09,4,1,2,"Kec. Sukasada, Kab. Buleleng, Prov. Bali"
2115051090,FTK/Teknik Informatika,2,2.63,2.14,5,0,2,"Kec. Sukasada, Kab. Buleleng, Prov. Bali"
2115071041,FTK/Teknologi Industri,2,3.63,3.34,7,0,2,"Kec. Banjar, Kab. Buleleng, Prov. Bali"
2115081020,FTK/Teknologi Industri,2,3.54,0.33,6,2,2,"Kec. Kubutambahan, Kab. Buleleng, Prov. Bali"
2115081028,FTK/Teknologi Industri,2,0.1,0.0,1,2,3,"Kec. Paciran, Kab. Lamongan, Prov. Jawa Timur"
2115081033,FTK/Teknologi Industri,2,3.3,0.0,1,2,3,"Kec. Bilah Hilir, Kab. Labuhan Batu, Prov. Sumatera Utara"
2115081036,FTK/Teknologi Industri,2,3.48,2.96,7,1,1,"Kec. Buleleng, Kab. Buleleng, Prov. Bali"
2115091016,FTK/Teknik Informatika,2,3.86,3.56,5,2,2,"Kec. Busungbiu, Kab. Buleleng, Prov. Bali"
2115101048,FTK/Teknik Informatika,2,4.0,3.91,6,1,3,"Kec. Abiansemal, Kab. Badung, Prov. Bali"
2115101057,FTK/Teknik Informatika,2,3.5,3.2,7,2,1,"Kec. Buleleng, Kab. Buleleng, Prov. Bali"
2115101078,FTK/Teknik Informatika,2,1.02,0.0,5,2,1,"Kec. Buleleng, Kab. Buleleng, Prov. Bali"
2115101081,FTK/Teknik Informatika,2,2.98,1.95,4,3,3,"Kec. Bebandem, Kab. Karang Asem, Prov. Bali"
2116011007,FOK/Pendidikan Olahraga,2,3.36,3.79,7,2,3,"Kec. Tegallalang, Kab. Gianyar, Prov. Bali"
2116011067,FOK/Pendidikan Olahraga,2,3.1,0.0,1,1,3,"Kec. Merdeka, Kab. Karo, Prov. Sumatera Utara"
2116011085,FOK/Pendidikan Olahraga,2,2.27,1.03,7,1,3,"Kec. Medan Johor, Kab. Medan, Prov. Sumatera Utara"
2116011113,FOK/Pendidikan Olahraga,2,3.2,1.13,6,2,3,"Kec. Kintamani, Kab. Bangli, Prov. Bali"
2116011122,FOK/Pendidikan Olahraga,2,3.68,3.1,7,1,3,"Kec. Ampenan, Kab. Mataram, Prov. Nusa Tenggara Barat"
2116021002,FOK/Ilmu Keolahragaan dan Kesehatan,2,2.05,1.0,3,1,3,"Kec. Bilah Hilir, Kab. Labuhan Batu, Prov. Sumatera Utara"
2117011007,FE/Ekonomi dan Akutansi,2,3.95,3.82,7,0,3,"Kec. Karangasem, Kab. Karang Asem, Prov. Bali"
2117011008,FE/Ekonomi dan Akutansi,2,3.24,2.86,6,0,2,"Kec. Kubutambahan, Kab. Buleleng, Prov. Bali"
2117011010,FE/Ekonomi dan Akutansi,2,3.66,3.77,1,0,3,"Kec. Klungkung, Kab. Klungkung, Prov. Bali"
2117041141,FE/Manajemen,2,3.78,3.77,4,0,2,"Kec. Sukasada, Kab. Buleleng, Prov. Bali"
2117041181,FE/Manajemen,2,3.48,3.44,6,0,3,"Kec. Denpasar Utara, Kab. Denpasar, Prov. Bali"
2117041269,FE/Manajemen,2,3.63,3.94,5,0,3,"Kec. Melaya, Kab. Jembrana, Prov. Bali"
2117041283,FE/Manajemen,2,2.86,3.69,5,1,1,"Kec. Buleleng, Kab. Buleleng, Prov. Bali"
2117041301,FE/Manajemen,2,3.11,3.76,5,1,1,"Kec. Buleleng, Kab. Buleleng, Prov. Bali"
2117051038,FE/Ekonomi dan Akutansi,2,3.8,3.91,5,0,1,"Kec. Buleleng, Kab. Buleleng, Prov. Bali"
2117051048,FE/Ekonomi dan Akutansi,2,0.53,2.79,7,0,3,"Kec. Kabanjahe, Kab. Karo, Prov. Sumatera Utara"
2117051111,FE/Ekonomi dan Akutansi,2,3.86,3.79,7,0,3,"Kec. Karangasem, Kab. Karang Asem, Prov. Bali"
2117051124,FE/Ekonomi dan Akutansi,2,3.81,3.67,6,0,2,"Kec. Sawan, Kab. Buleleng, Prov. Bali"
2117051250,FE/Ekonomi dan Akutansi,2,3.39,2.38,5,0,3,"Kec. Kintamani, Kab. Bangli, Prov. Bali"
2117051258,FE/Ekonomi dan Akutansi,2,3.66,3.75,5,0,2,"Kec. Sukasada, Kab. Buleleng, Prov. Bali"
2117051276,FE/Ekonomi dan Akutansi,2,3.64,1.31,5,0,2,"Kec. Seririt, Kab. Buleleng, Prov. Bali"
2117051281,FE/Ekonomi dan Akutansi,2,3.2,1.13,6,0,2,"Kec. Gerokgak, Kab. Buleleng, Prov. Bali"
2117051285,FE/Ekonomi dan Akutansi,2,3.68,3.59,5,0,2,"Kec. Seririt, Kab. Buleleng, Prov. Bali"
2117051295,FE/Ekonomi dan Akutansi,2,3.94,3.73,3,1,1,"Kec. Buleleng, Kab. Buleleng, Prov. Bali"
2129101026,Pascasarjana/Ilmu Komputer (S2),2,3.16,1.34,7,1,3,"Kec. Gianyar, Kab. Gianyar, Prov. Bali"
2211063001,FIP/Pendidikan Dasar,2,3.65,3.8,7,1,3,"Kec. Kramat Jati, Kab. Jakarta Timur, Prov. Dki Jakarta"
2213011005,FMIPA/Matematika,2,3.67,3.24,7,0,3,"Kec. Selemadeg Timur, Kab. Tabanan, Prov. Bali"
2213011007,FMIPA/Matematika,2,3.81,0.65,7,0,1,"Kec. Buleleng, Kab. Buleleng, Prov. Bali"
2213021010,FMIPA/Fisika dan Pengajaran IPA,2,0.43,0.0,1,0,3,"Kec. Munte, Kab. Karo, Prov. Sumatera Utara"
2213081003,FMIPA/Kimia,2,3.87,3.7,1,1,3,"Kec. Bittuang, Kab. Tana Toraja, Prov. Sulawesi Selatan"
2213081010,FMIPA/Kimia,2,3.73,0.0,7,0,3,"Kec. Denpasar Utara, Kab. Denpasar, Prov. Bali"
2213091002,FMIPA/Biologi dan Perikanan Kelautan,2,0.0,0.0,7,0,1,"Kec. Buleleng, Kab. Buleleng, Prov. Bali"
2213091003,FMIPA/Biologi dan Perikanan Kelautan,2,3.67,0.58,7,0,3,"Kec. Marga, Kab. Tabanan, Prov. Bali"
2213091016,FMIPA/Biologi dan Perikanan Kelautan,2,0.55,0.0,1,0,3,"Kec. Modung, Kab. Bangkalan, Prov. Jawa Timur"
2214031012,FHIS/Geografi,2,3.58,1.98,7,0,3,"Kec. Jatiasih, Kab. Bekasi, Prov. Jawa Barat"
2214041008,FHIS/Hukum dan Kewarganegaraan,2,3.55,3.77,7,1,3,"Kec. Wlingi, Kab. Blitar, Prov. Jawa Timur"
2214041038,FHIS/Hukum dan Kewarganegaraan,2,3.8,3.85,5,1,3,"Kec. Elar Selatan, Kab. Manggarai Timur, Prov. Nusa Tenggara Timur"
2214091027,FHIS/Sejarah Sosiologi dan Perpustakaan,2,3.59,3.7,7,1,3,"Kec. Merek, Kab. Karo, Prov. Sumatera Utara"
2214101151,FHIS/Hukum dan Kewarganegaraan,2,3.44,3.68,7,1,2,"Kec. Sukasada, Kab. Buleleng, Prov. Bali"
2214101162,FHIS/Hukum dan Kewarganegaraan,2,3.74,3.93,7,1,3,"Kec. Abang, Kab. Karang Asem, Prov. Bali"
2214101189,FHIS/Hukum dan Kewarganegaraan,2,2.58,3.41,6,1,2,"Kec. Gerokgak, Kab. Buleleng, Prov. Bali"
2215011002,FTK/Teknologi Industri,2,3.88,0.65,1,1,2,"Kec. Banjar, Kab. Buleleng, Prov. Bali"
2215011032,FTK/Teknologi Industri,2,1.4,0.0,1,1,2,"Kec. Banjar, Kab. Buleleng, Prov. Bali"
2215011042,FTK/Teknologi Industri,2,1.02,0.0,1,1,3,"Kec. Karangasem, Kab. Karang Asem, Prov. Bali"
2215011053,FTK/Teknologi Industri,2,3.48,1.63,5,1,3,"Kec. Langgudu, Kab. Bima, Prov. Nusa Tenggara Barat"
2215051061,FTK/Teknik Informatika,2,3.39,2.78,6,1,2,"Kec. Sawan, Kab. Buleleng, Prov. Bali"
2215051077,FTK/Teknik Informatika,2,1.78,0.0,6,1,1,"Kec. Buleleng, Kab. Buleleng, Prov. Bali"
2215061001,FTK/Teknologi Industri,2,3.16,3.57,7,1,3,"Kec. Sitinjo, Kab. Dairi, Prov. Sumatera Utara"
2215061002,FTK/Teknologi Industri,2,3.98,3.85,1,1,3,"Kec. Genteng, Kab. Banyuwangi, Prov. Jawa Timur"
2215071026,FTK/Teknologi Industri,2,3.5,0.5,5,1,2,"Kec. Gerokgak, Kab. Buleleng, Prov. Bali"
2215081029,FTK/Teknologi Industri,2,3.54,3.29,7,1,3,"Kec. Mampang Prapatan, Kab. Jakarta Selatan, Prov. Dki Jakarta"
2215091024,FTK/Teknik Informatika,2,0.45,0.0,1,1,1,"Kec. Buleleng, Kab. Buleleng, Prov. Bali"
2215091100,FTK/Teknik Informatika,2,1.53,0.0,7,1,1,"Kec. Buleleng, Kab. Buleleng, Prov. Bali"
2216011031,FOK/Pendidikan Olahraga,2,3.55,1.31,7,2,3,"Kec. Melaya, Kab. Jembrana, Prov. Bali"
2216021008,FOK/Ilmu Keolahragaan dan Kesehatan,2,2.36,2.96,7,1,3,"Kec. Girsang Sipangan Bolon, Kab. Simalungun, Prov. Sumatera Utara"
2216021009,FOK/Ilmu Keolahragaan dan Kesehatan,2,3.13,2.95,5,0,3,"Kec. Muncar, Kab. Banyuwangi, Prov. Jawa Timur"
2216041013,FOK/Ilmu Olahraga dan Kesehatan,2,2.76,1.6,7,0,3,"Kec. Kabanjahe, Kab. Karo, Prov. Sumatera Utara"
2216041021,FOK/Ilmu Olahraga dan Kesehatan,2,3.57,3.65,7,1,3,"Kec. Bondowoso, Kab. Bondowoso, Prov. Jawa Timur"
2217011022,FE/Ekonomi dan Akutansi,2,3.28,2.94,5,0,3,"Kec. Pupuan, Kab. Tabanan, Prov. Bali"
2217011065,FE/Ekonomi dan Akutansi,2,3.56,1.49,7,0,1,"Kec. Buleleng, Kab. Buleleng, Prov. Bali"
2217011078,FE/Ekonomi dan Akutansi,2,3.89,3.81,1,0,3,"Kec. Kintamani, Kab. Bangli, Prov. Bali"
2217011082,FE/Ekonomi dan Akutansi,2,2.86,0.7,5,0,3,"Kec. Tegallalang, Kab. Gianyar, Prov. Bali"
2217041019,FE/Manajemen,2,1.04,0.0,1,0,1,"Kec. Buleleng, Kab. Buleleng, Prov. Bali"
2217041148,FE/Manajemen,2,3.8,2.52,6,0,1,"Kec. Buleleng, Kab. Buleleng, Prov. Bali"
2217041191,FE/Manajemen,2,3.75,3.82,7,0,2,"Kec. Gerokgak, Kab. Buleleng, Prov. Bali"
2217041251,FE/Manajemen,2,3.13,0.74,7,0,2,"Kec. Seririt, Kab. Buleleng, Prov. Bali"
2217041271,FE/Manajemen,2,3.7,3.45,6,1,2,"Kec. Banjar, Kab. Buleleng, Prov. Bali"
2217051044,FE/Ekonomi dan Akutansi,2,3.89,3.85,7,0,2,"Kec. Gerokgak, Kab. Buleleng, Prov. Bali"
2217051054,FE/Ekonomi dan Akutansi,2,3.69,0.72,7,0,3,"Kec. Denpasar Selatan, Kab. Denpasar, Prov. Bali"
2217051060,FE/Ekonomi dan Akutansi,2,3.75,3.55,7,0,3,"Kec. Melaya, Kab. Jembrana, Prov. Bali"
2217051082,FE/Ekonomi dan Akutansi,2,3.91,3.42,1,0,3,"Kec. Karangasem, Kab. Karang Asem, Prov. Bali"
2217051110,FE/Ekonomi dan Akutansi,2,3.74,3.66,6,0,2,"Kec. Sukasada, Kab. Buleleng, Prov. Bali"
2217051244,FE/Ekonomi dan Akutansi,2,2.73,3.17,7,1,1,"Kec. Buleleng, Kab. Buleleng, Prov. Bali"
2252015024,FBS/Bahasa Asing,2,3.53,0.95,5,0,1,"Kec. Buleleng, Kab. Buleleng, Prov. Bali"
2253015014,FMIPA/Kimia,2,0.0,0.0,1,0,1,"Kec. Buleleng, Kab. Buleleng, Prov. Bali"
2254013021,FHIS/Geografi,2,3.7,3.86,7,1,1,"Kec. Buleleng, Kab. Buleleng, Prov. Bali"
2255015023,FTK/Teknik Informatika,2,0.47,0.0,1,1,2,"Kec. Sukasada, Kab. Buleleng, Prov. Bali"
2257011012,FE/Manajemen,2,3.8,3.28,3,0,2,"Kec. Kubutambahan, Kab. Buleleng, Prov. Bali"
2257013051,FE/Manajemen,2,3.55,2.85,6,0,2,"Kec. Sukasada, Kab. Buleleng, Prov. Bali"
2257015009,FE/Manajemen,2,3.88,3.3,1,0,3,"Kec. Tembuku, Kab. Bangli, Prov. Bali"
2257015045,FE/Manajemen,2,3.83,3.39,1,1,1,"Kec. Buleleng, Kab. Buleleng, Prov. Bali"
2257015053,FE/Manajemen,2,3.7,3.16,1,0,2,"Kec. Kubutambahan, Kab. Buleleng, Prov. Bali"
2257015059,FE/Manajemen,2,2.9,3.0,7,1,1,"Kec. Buleleng, Kab. Buleleng, Prov. Bali"
2257015061,FE/Manajemen,2,3.83,3.8,7,1,1,"Kec. Buleleng, Kab. Buleleng, Prov. Bali"
2257025030,FE/Ekonomi dan Akutansi,2,1.45,0.0,1,0,2,"Kec. Kubutambahan, Kab. Buleleng, Prov. Bali"
2313111006,FMIPA/Biologi dan Perikanan Kelautan,2,3.42,0.63,1,1,3,"Kec. Ngambon, Kab. Bojonegoro, Prov. Jawa Timur"
2314021022,FHIS/Sejarah Sosiologi dan Perpustakaan,2,2.54,2.16,3,1,3,"Kec. Mendoyo, Kab. Jembrana, Prov. Bali"
2314101021,FHIS/Hukum dan Kewarganegaraan,2,3.82,0.0,5,1,3,"Kec. Percut Sei Tuan, Kab. Deli Serdang, Prov. Sumatera Utara"
2314111014,FHIS/Geografi,2,3.18,0.58,7,1,3,"Kec. Merdeka, Kab. Karo, Prov. Sumatera Utara"
2315051057,FTK/Teknik Informatika,2,3.7,2.41,7,1,3,"Kec. Bebandem, Kab. Karang Asem, Prov. Bali"
2315081017,FTK/Teknologi Industri,2,3.48,3.46,5,1,3,"Kec. Praya, Kab. Lombok Tengah, Prov. Nusa Tenggara Barat"
2315091096,FTK/Teknik Informatika,2,0.0,0.5,7,1,3,"Kec. Lumban Julu, Kab. Toba Samosir, Prov. Sumatera Utara"
2317011024,FE/Ekonomi dan Akutansi,2,0.35,0.0,1,0,3,"Kec. Melaya, Kab. Jembrana, Prov. Bali"
2317011044,FE/Ekonomi dan Akutansi,2,3.76,2.86,7,1,3,"Kec. Kerambitan, Kab. Tabanan, Prov. Bali"
2317041121,FE/Manajemen,2,3.98,2.23,7,1,3,"Kec. Cikarang Pusat, Kab. Bekasi, Prov. Jawa Barat"
2317041237,FE/Manajemen,2,3.95,3.64,7,1,3,"Kec. Bangli, Kab. Bangli, Prov. Bali"
2317041262,FE/Manajemen,2,3.51,0.95,7,1,3,"Kec. Mimika Timur, Kab. Mimika, Prov. Papua"
2317041282,FE/Manajemen,2,3.71,2.02,7,1,1,"Kec. Buleleng, Kab. Buleleng, Prov. Bali"
2317041284,FE/Manajemen,2,3.73,0.88,2,1,3,"Kec. Kubu, Kab. Karang Asem, Prov. Bali"
2317051206,FE/Ekonomi dan Akutansi,2,3.69,3.6,7,0,3,"Kec. Titehena, Kab. Flores Timur, Prov. Nusa Tenggara Timur"
